{"name": "Atropos", "onsets": [0.1, 0.5, 0.89, 1.27, 2.07, 2.47, 3.22, 4.34, 5.17, 5.56, 5.63, 5.95, 6.33, 6.77, 7.37, 7.91, 9.47, 10.24, 11.01, 11.4, 11.83, 12.58, 12.98, 13.35, 13.75, 14.91, 15.11, 15.34, 16.08, 17.25, 17.64, 18.74, 18.79, 19.59, 20.75, 21.18, 21.54, 21.64, 21.93, 22.32, 23.47, 23.84, 24.27, 24.34, 25.85, 27.37, 28.15, 28.94, 28.99, 29.72, 30.12, 30.5, 31.28, 31.32, 31.47, 31.58, 31.68, 32.85, 34.78, 35.19, 35.95, 36.34, 37.5, 38.29, 38.66, 38.92, 39.84, 40.24, 40.3, 40.36, 40.63, 40.72, 41.02, 41.75, 42.17, 42.52, 42.66, 42.97, 43.03, 43.08, 44.16, 46.85, 47.0, 47.64, 47.75, 48.02, 48.1, 48.81, 48.88, 48.95, 49.18, 49.31, 49.38, 49.98, 50.19, 50.28, 50.4, 51.33, 51.53, 51.64, 52.49, 52.69, 56.2, 56.33, 56.98, 57.37, 57.95, 58.16, 58.54, 58.58, 58.93, 59.05, 59.1, 59.33, 59.72, 60.29, 60.7, 60.87, 60.99, 61.03, 61.15, 61.23, 61.29, 61.34, 61.49, 61.66, 61.78, 62.46, 62.63, 62.86, 63.21, 63.6, 64.04, 64.38, 64.96, 65.55, 65.7, 65.77, 66.14, 66.33, 66.4, 66.52, 66.61, 66.72, 67.3, 67.56, 67.92, 68.1, 68.28, 68.69, 68.79, 69.01, 69.64, 70.05, 70.23, 70.35, 70.65, 71.01, 71.41, 71.98, 72.58, 72.65, 72.69, 72.99, 73.74, 74.32, 74.54, 74.73, 92.52, 92.58, 92.66, 93.4, 93.55, 94.63, 94.72, 94.85, 94.92, 95.03, 97.62, 97.83, 97.89, 98.04, 98.08, 98.9, 101.28, 101.77], "xs": [0.0, -0.5949315842123608, -0.00017807333761470028, -0.33555513922425506, 0.0007557933954960166, -0.07551448133010584, 0.002502119762163658, 0.29971471615083467, 0.004789741503450598, 0.8107111014490468, 0.007375796298557672, 0.6173734611294854, 0.010045733094539893, -0.719685421709866, 0.012613316034607797, 0.5151821151138605, 0.014920617583600086, 0.40441146107817805, 0.016838009689305575, -0.4794633967088215, 0.018264185388120642, 0.5743756494203061, 0.0191261430918438, 0.5310422232849964, 0.019379196408429104, -0.02204878162144019, 0.01900695450047936, 0.8293549826969353, 0.018021347619204937, -0.90005628333149, 0.01646261728367038, 0.21405027701675508, 0.014399304495890351, -0.070217725755872, 0.01192827036441173, -0.4287461359883097, 0.009174678426957525, -0.01698267135079634, 0.006292005453255601, 0.037540956249135726, 0.003462034570511305, -0.5511241878951776, 0.0008948641020855105, 0.3658273719027482, -0.0011711042174094377, 0.3891610314150655, -0.0024691549303186744, -0.19769695379265578, 0.0025113483701529864, 0.4119137154125141, 0.0068779324692207384, 0.007888828035976706, 0.01064807083492782, 0.4480795578652179, 0.013840879763219417, -0.6573350018089307, 0.016477121554342587, 0.29794200387501374, 0.018579199801953605, 0.4601262291965727, 0.020171163566938186, -0.2460462399814933, 0.021278705904298437, 0.225945613484695, 0.021929163372115215, -0.26981029032806325, 0.022151516031548118, -0.2264682801177398, 0.021976388428910823, -0.6909431325290707, 0.02143604935015225, 0.030085521497239955, 0.020564409396358077, 1.0, 0.0193970239606666, 0.7742622910511542, 0.017971096542773016, -0.2215177382632444, 0.016325466534367377, -0.9537863179471903, 0.014500626436142887, -0.1682559473481196, 0.012538702369738402, -0.32581356271860723, 0.010483473535106064, 0.9721213723469152, 0.008380356742824729, 0.28913220743790147, 0.006276417953485189, 0.23369775332885306, 0.004220361965899119, 0.026776021149650525, 0.002262540519220623, -0.29135034906763146, -0.0076375260052385305, -0.20765041219323832, -0.017410568450246154, -0.338272780329798, -0.026378489574143897, -0.3029953299799405, -0.03443498684160074, 0.6083388079863463, -0.04149384778696362, 0.009149100274769999, -0.04748895811637895, -0.8523995808548674, -0.05237429581534063, -0.5998955763251715, -0.056123936059066674, -0.19866218175134334, -0.058732047284197925, 0.2390763143056591, -0.060212893152948685, 0.1106443159358548, -0.06060083255310674, -0.09594474386941226, -0.05995031959803335, -0.2604398371465548, -0.058335901662512554, -0.0816394436249095, -0.05585221938275122, -0.07479319609784904, -0.052614010584680355, -0.7046669658527575, -0.04875611224810579, -0.5929662982565543, -0.044433447739728786, -0.2713681544731494, -0.039821040562200774, -0.276704150831678, -0.03511400846167132, 0.43591081555138056, -0.03052756048156212, -0.48080673116110123, -0.026297004328132013, 0.16704756109567775, -0.022677741521480027, 0.26037941531429565, -0.019945268561759828, -0.10225006012628512, -0.012612108572979286, 0.7241429143593708, -0.005142863386637856, -0.550146820625992, 0.002249042875770235, -0.6536361019606739, 0.00937259606989675, -0.573202337497536, 0.01605918760920041, 0.2320901711287249, 0.022162617411172914, -0.19339070577839418, 0.027559088741443413, -0.9451937012104256, 0.03214721353846822, -0.14754168500934237, 0.03584800665918317, 0.6900274575140088, 0.03860489984288726, -0.1268290324148041, 0.04038371719004913, -0.33549380321796024, 0.041172699821604944, 0.4776732108575428, 0.04098248901488348, 0.2527687091880955, 0.03984614044369852, -0.3237539700322089, 0.03781911042929412, -0.3858432948926509, 0.034979260850721276, 0.38146743332734573, 0.03142686160002633, -0.24927298550517718, 0.02728459352847691, -0.05911131986949497, 0.022697538625808603, -0.34347120659285413, 0.01783318787682763, -0.4157497158014722, 0.01288143782414719, -0.3865773102764811, 0.008054591795781597, -0.27211234722647043, 0.003587361132740483, -0.26186541353389464],