{"name": "Atropos", "onsets": [0.1, 0.5, 0.89, 1.27, 2.07, 2.47, 3.22, 4.34, 5.17, 5.56, 5.63, 5.95, 6.33, 6.77, 7.37, 7.91, 9.47, 10.24, 11.01, 11.4, 11.83, 12.58, 12.98, 13.35, 13.75, 14.91, 15.11, 15.34, 16.08, 17.25, 17.64, 18.74, 18.79, 19.59, 20.75, 21.18, 21.54, 21.64, 21.93, 22.32, 23.47, 23.84, 24.27, 24.34, 25.85, 27.37, 28.15, 28.94, 28.99, 29.72, 30.12, 30.5, 31.28, 31.32, 31.47, 31.58, 31.68, 32.85, 34.78, 35.19, 35.95, 36.34, 37.5, 38.29, 38.66, 38.92, 39.84, 40.24, 40.3, 40.36, 40.63, 40.72, 41.02, 41.75, 42.17, 42.52, 42.66, 42.97, 43.03, 43.08, 44.16, 46.85, 47.0, 47.64, 47.75, 48.02, 48.1, 48.81, 48.88, 48.95, 49.18, 49.31, 49.38, 49.98, 50.19, 50.28, 50.4, 51.33, 51.53, 51.64, 52.49, 52.69, 56.2, 56.33, 56.98, 57.37, 57.95, 58.16, 58.54, 58.58, 58.93, 59.05, 59.1, 59.33, 59.72, 60.29, 60.7, 60.87, 60.99, 61.03, 61.15, 61.23, 61.29, 61.34, 61.49, 61.66, 61.78, 62.46, 62.63, 62.86, 63.21, 63.6, 64.04, 64.38, 64.96, 65.55, 65.7, 65.77, 66.14, 66.33, 66.4, 66.52, 66.61, 66.72, 67.3, 67.56, 67.92, 68.1, 68.28, 68.69, 68.79, 69.01, 69.64, 70.05, 70.23, 70.35, 70.65, 71.01, 71.41, 71.98, 72.58, 72.65, 72.69, 72.99, 73.74, 74.32, 74.54, 74.73, 92.52, 92.58, 92.66, 93.4, 93.55, 94.63, 94.72, 94.85, 94.92, 95.03, 97.62, 97.83, 97.89, 98.04, 98.08, 98.9, 101.28, 101.77], "xs": [0.0, 0.5979749996547091, 0.0008003503683519142, -0.02881174139068583, 0.0017502151542752148, 0.1298604406022754, 0.002747694793177985, 0.45886063811652655, 0.0037001503616703835, 0.08772252114834221, 0.004524203937085846, 0.14016820343477845, 0.00514573860369503, -0.1501925526327679, 0.005499898056788646, -0.4832815317848881, 0.005531086700325185, -0.40469468569201844, 0.00519296982535996, 0.1606248948274254, 0.004448475665086049, -0.314486713129091, 0.003269789372632246, 0.11776133405761456, 0.0016383589296386555, 0.6451668885000279, -0.00045510394473167835, -0.19242796659513656, -0.003010631974897441, 0.2581960561231221, -0.0060189914207194875, 0.1950858456988116, -0.009461692985640402, 0.32640660354262124, -0.013310984544591457, -0.08559829186633754, -0.01752985114399262, 0.49033963076225057, -0.022072021364833952, -0.5118648834495677, -0.026881954596512794, -0.6987588990487325, -0.031894859671572184, -0.4942936381884668, -0.03703667895799734, 0.22265953962476273, -0.04222409199526214, -0.07583544605466067, -0.04651776002544447, -0.4821928603691107, -0.04957356147000319, 0.15713872250832708, -0.05150134061256787, 0.11577694439775853, -0.05240870375013465, -0.001372413487555645, -0.05240100805767373, -0.012453808393631522, -0.051581387722213774, 0.3063229801244265, -0.050050730990298234, 0.5115432313886331, -0.04790768948535454, -0.9951740023348545, -0.04524867871901318, 0.03860104899962573, -0.042167870989454306, 0.4606236224270335, -0.038757209357461575, 0.36613020134433644, -0.035106394124874124, -0.048044206215489126, -0.03130288448217016, -0.5530412268236305, -0.027431909359793318, 0.1675224559878206, -0.02357645924704794, 0.6767334545308162, -0.019817275283959563, -0.026483658424596213, -0.01623287698612961, -0.6676520029280941, -0.01289953315636323, 0.303601441572774, -0.009891283700948434, -0.24037822373161397, -0.007279925994481622, -0.02928613855333865, -0.005135019424925753, 0.2580092205996943, -0.003523888575151037, 0.08699391787488091, -0.0025116177688651624, -0.15667905589334427, 0.0049934469993571364, -0.7392622606619718, 0.01249272590855348, 0.04665025824241503, 0.020199480131999084, -0.0058757593671671104, 0.027980871482373704, 0.3517368898306403, 0.03571697041926407, 0.1735759207656022, 0.04330075173135863, 0.3616393407394652, 0.050638092718424295, 0.27716535536283055, 0.05764778409944601, -0.5706689530678656, 0.06426151910448717, 0.23924743417096483, 0.07042389892875942, 0.15683655977036948, 0.07609242727855287, 0.5801877656173102, 0.08123751491629426, -0.00013487005556655265, 0.08584248147857017, -0.1444007798043989, 0.08990354911304567, -0.15274218140470686, 0.09342984611451081, -0.07594307621321209, 0.09644341783302018, 0.04324597923558346, 0.09897919985804983, 0.2912023670419234, 0.10108503824400605, 0.12420041611309529, 0.10282169269176603, 1.0, 0.10426282399295479, 0.3790584176809306, 0.1054949932176935, -0.04381876477757695, 0.1066176837856505, 0.23971638388257763, 0.1077432650505382, 0.49108286537328444, 0.10691331675218929, -0.24112364962880878, 0.10625111166512062, -0.36357288631093226, 0.10562420031811028, 0.010923937786336383, 0.10491239611929995, 0.534946002971252, 0.10400776765800267, 0.23574690526305914, 0.10281464671536777, 0.02712054583336818, 0.10124962048096886, 0.28665997002268034, 0.09924155288617047, -0.3453109934433608, 0.09673154270437323, -0.2556883802831911, 0.09367298763633386, 0.10944534387742767, 0.09003151068022303, 0.13348179482474265, 0.08578501285429994, -0.0067581033231312315, 0.08092365138063327, 0.3601196923656438, 0.07544985332027554, -0.36387245325255346, 0.06937829284797238, 0.20062053026716897, 0.06273592306756962, 0.42299271256727383, 0.05556194056055966, -0.0922126931769036, 0.047907811747418795, 0.45838556852672363, 0.03983726561551415, 0.4479688833756369, 0.03142628917404553, -0.003194863180004837, 0.02276313018108031, -0.6690597856036734, 0.01394829805256506, 0.640406290397432, 0.005094566134854643, -0.5572402074301046],