{"name": "The Halfway Child", "onsets": [0.11, 0.37, 0.68, 0.89, 2.28, 3.56, 3.79, 4.45, 7.07, 7.33, 7.63, 7.85, 9.24, 10.52, 10.74, 11.41, 14.02, 14.28, 16.2, 17.47, 17.7, 18.15, 18.37, 20.98, 21.24, 21.62, 23.15, 24.43, 24.65, 25.32, 27.93, 27.99, 28.07, 28.19, 28.26, 28.31, 28.5, 28.57, 28.72, 30.11, 31.39, 31.49, 31.61, 32.28, 34.89, 34.99, 35.04, 35.15, 35.19, 35.32, 35.46, 35.66, 35.7, 37.07, 38.35, 38.4, 38.45, 38.56, 41.85, 42.11, 44.02, 45.3, 45.48, 45.56, 45.98, 48.8, 48.99, 49.03, 49.1, 49.14, 49.19, 49.36, 49.44, 50.98, 52.26, 52.35, 52.39, 52.49, 52.53, 53.15, 55.76, 56.01, 56.55, 57.6, 59.22, 59.32, 59.44, 62.75, 62.8, 62.93, 62.98, 63.04, 63.12, 63.17, 63.63, 66.22, 66.41, 66.83, 67.08, 68.05, 68.46, 68.87, 69.7, 69.93, 71.85, 73.31, 73.39, 76.64, 76.82, 76.9, 77.12, 77.28, 77.42, 77.56, 79.2, 79.27, 80.17, 80.34, 80.47, 80.57, 80.62, 80.78, 81.2, 83.64, 83.72, 83.85, 83.91, 83.96, 84.03, 84.09, 84.19, 84.37, 85.93, 86.08, 87.04, 87.12, 87.24, 87.3, 90.56, 90.62, 90.8, 90.93, 90.98, 91.35, 91.46, 91.67, 94.0, 94.05, 95.67, 96.12, 96.28, 96.41, 97.53, 97.76, 99.67, 100.57, 100.85, 101.14, 101.24, 104.61, 104.69, 104.73, 104.86, 104.95, 105.13, 105.31, 106.19, 106.29, 106.8, 107.02, 107.08, 107.22, 107.46, 107.91, 108.01, 108.06, 108.13, 108.17, 108.24, 108.6, 108.81, 111.45, 111.67, 111.76, 111.98, 112.2, 112.39, 114.97, 115.01, 115.09, 118.37, 118.44, 118.49, 121.88, 121.99, 122.04, 125.33, 125.42, 125.59, 128.96, 129.04, 135.83, 135.88, 135.93, 136.0, 136.1, 136.25, 136.64], "xs": [0.0, -0.46316465435492976, -0.18234738436589368, -0.002073229196527628, 0.0, -0.35035975712319617, -0.39430377540942035, 0.02655005279687031, 0.0, 0.6367474683559733, 0.44444215677405885, -0.11310765073330231, 0.0, 0.39987856093922364, 0.3394488253149315, 0.2229181654110431, 0.0, 0.3154997604095353, -0.2550563207245653, -0.5846069764342205, 0.0, 0.6845029079292024, 1.0, 0.22859117710172688, 0.0, -0.22609097664689703, -0.07641395763850836, 0.4323595277778345, 0.0, -0.2743210552087191, 0.10992923928034443, 0.14445619190639494, 0.0, 0.1153874167601848, 0.012441921013154384, 0.05976177796483235, 0.0, -0.7410293910594049, -0.5749126876739814, -0.4470672585415335, 0.0, -0.546524429497648, -0.4097705867769123, 0.06163085042327429, 0.0, -0.22589152656186268, 0.028592559037653422, 0.18301934453346008, 0.0, 0.2064030181085326, 0.026064962814887856, 0.3527845070059704, 0.0, 0.22496320822074975, 0.6925770703524968, 0.2805883858217525, 0.0, 0.07420520730587193, -0.20947093233666159, -0.5304169038797842, 0.0, 0.7935324146825042, 0.9132411730860418, 0.4992842757828889, 0.0, -0.4378154610530266, -0.7030855153810621, -0.07228019032568425, 0.0, 0.4212816024368982, 0.28982092021054445, 0.1222992252989083, 0.0, 0.29245332284928766, 0.3530417381545361, 0.16963616394220496, 0.0, 0.2280001874260895, 0.13561347380610453, 0.10583757654096727, 0.0, 0.6131957017938418, 0.9432336958079345, 0.6439912050566929, 0.0, 0.2772519000054223, 0.5636142167243171, 0.7311211904770218, 0.0, 0.11333508543262961, -0.5636576348780994, -0.6002267396135573, 0.0, 0.20748328969336702, 0.45010786347566734, 0.2667124478924505, 0.0, -0.2074355087233923, -0.0519271730637727, 0.20601636841337878, 0.0, -0.7032386319051748, -0.3575991289488201, -0.4776770734293219, 0.0, 0.2583484248203467, 0.7747405567656783, 0.8254749329999909, 0.0, -0.2982410854591154, 0.0833272609410618, 0.6066848770353742, 0.0, 0.1633692224619042, -0.09286192704261166, -0.3773418707874426, 0.0, 0.3160464321906277, 0.11694803255478677, 0.20103696625895548, 0.0, -0.2935847355343592, -0.019378820377516565, -0.10286686313985198, 0.0, -0.0821067162711936, 0.03680645511330458, -0.28715176614705656, 0.0, 0.022345047428238653, 0.19587752536025374, -0.2489464431364785, 0.0, 0.5372767415802219, 0.12217124798466304, -0.1367856115993805, 0.0, 0.6080091801394164, 0.42792817069303607, -0.07235154368007923, 0.0, 0.10820057425037964, 0.06580379454898586, 0.020017733087459643, 0.0, -0.19461156334145321, -0.7103099930998736, -0.6452561252703999, 0.0, -0.0021233717286414143, 0.029874687565534894, 0.018057990643420802, 0.0, 0.29144101360503566, 0.295253789650443, 0.1244392947336942, 0.0, 0.709447345539918, 0.7843215399569231, 0.71885865862414, 0.0, -0.09275297502474472, 0.11258464810508748, 0.22623035205007147, 0.0, 0.30378036571542477, 0.3529152061904405, 0.4343357085061961, 0.0, -0.04934087750658306, 0.5083778589025959, -0.014414629401021202, 0.0, -0.3687769481623481, -0.7644815519954133, -0.718037040890084, 0.0, 0.16014911203945872, -0.23952418447167848, -0.17401860457183277, 0.0, 0.3658275567642947, 0.4608620592077353, 0.3298609489152808, 0.0, 0.6824727962865685, 0.7683905694188747, 0.12092970455955841, 0.0, 0.1580639864993919, -0.22358371003578012, -0.3470300862769447, 0.0, 0.35268284659430704, 0.4454287832579599, 0.6927749227285338, 0.0, -0.41531015682386785, -0.3327972498058536, -0.47156591887077487, 0.0, 0.4105676623830716, 0.945024447583055, 0.4636889005607662, 0.0, -0.0754333760948342, 0.09269611120265453, 0.12399373981378158],