{"name": "Platinum Disco (TV Size)", "onsets": [0.65, 1.034, 1.162, 1.547, 1.675, 2.06, 2.188, 2.444, 2.701, 3.085, 3.214, 3.726, 4.239, 4.496, 4.624, 4.752, 5.137, 5.265, 5.778, 6.034, 6.291, 6.547, 6.675, 6.803, 7.188, 7.316, 7.829, 8.214, 8.342, 8.855, 9.111, 9.239, 9.367, 9.88, 10.265, 10.393, 10.65, 10.906, 11.291, 11.419, 11.932, 12.444, 12.701, 12.829, 12.957, 13.342, 13.47, 13.983, 14.239, 14.496, 14.752, 14.88, 15.008, 15.393, 15.521, 16.034, 16.291, 16.419, 16.547, 17.06, 17.316, 17.573, 17.829, 18.085, 18.214, 18.342, 18.47, 18.598, 18.855, 18.983, 19.111, 19.496, 19.624, 19.88, 20.137, 20.521, 20.65, 20.906, 21.162, 21.547, 21.675, 22.188, 22.573, 22.701, 23.214, 23.47, 23.598, 23.726, 24.239, 24.496, 24.752, 25.008, 25.265, 25.65, 25.778, 26.291, 26.547, 26.675, 26.803, 27.06, 27.188, 27.316, 27.701, 27.829, 28.214, 28.342, 28.598, 28.726, 28.855, 29.111, 29.239, 29.367, 29.752, 29.88, 30.137, 30.265, 30.393, 30.778, 30.906, 31.162, 31.419, 31.803, 31.932, 32.444, 32.701, 32.957, 33.214, 33.47, 33.726, 33.983, 34.111, 34.239, 34.367, 34.496, 35.265, 35.393, 35.521, 35.906, 36.034, 36.547, 37.06, 37.316, 37.573, 37.957, 38.085, 38.342, 38.598, 39.367, 39.624, 39.88, 40.008, 40.137, 40.393, 40.65, 41.419, 41.675, 41.932, 42.06, 42.188, 42.444, 42.701, 43.085, 43.214, 43.726, 43.983, 44.239, 44.496, 44.752, 45.521, 45.778, 46.162, 46.291, 46.803, 47.06, 47.316, 47.573, 47.829, 48.085, 48.342, 48.598, 48.855, 49.111, 49.368, 49.624, 49.88, 50.265, 50.393, 50.906, 51.162, 51.419, 51.675, 51.932, 52.444, 52.957, 53.47, 53.983, 54.239, 54.496, 54.752, 55.008, 55.265, 55.778, 56.034, 56.419, 56.547, 57.06, 57.444, 57.573, 58.085, 58.342, 58.47, 58.598, 59.111, 59.496, 59.624, 60.137, 60.521, 60.65, 60.906, 61.162, 61.675, 62.188, 62.701, 63.214, 63.342, 63.47, 63.598, 63.726, 64.239, 64.624, 64.752, 65.265, 65.65, 65.778, 66.034, 66.291, 66.675, 66.803, 67.316, 67.701, 67.829, 68.085, 68.342, 68.855, 69.367, 70.137, 70.393, 70.906, 71.419, 71.932, 72.188, 72.444, 72.957, 73.214, 73.726, 73.983, 74.239, 74.496, 74.88, 75.008, 75.521, 75.778, 76.034, 76.291, 76.419, 76.547, 77.06, 77.444, 77.573, 78.085, 78.342, 78.598, 78.983, 79.111, 79.624, 79.88, 80.137, 80.393, 80.521, 80.65, 81.034, 81.162, 81.419, 81.932, 82.06, 82.188, 82.444, 82.701, 83.214, 83.726, 83.983, 84.111, 84.239, 84.752, 85.008, 85.265, 85.521, 85.778, 86.034, 86.291, 86.547, 86.803, 87.316, 87.829], "xs": [0.575, 0.7, 0.64375, 0.60625, 0.54375, 0.35, 0.31875, 0.53125, 0.24375, 0.05, 0.04375, 0.075, 0.30625, 0.44375, 0.5, 0.56875, 0.6875, 0.675, 0.6, 0.3125, 0.5375, 0.45, 0.3875, 0.3125, 0.225, 0.25625, 0.03125, 0.2328125, 0.30625, 0.65, 0.60625, 0.54375, 0.5, 0.7625, 0.575, 0.5, 0.23125, 0.05, 0.25625, 0.33125, 0.63125, 0.59375, 0.7125, 0.74375, 0.75, 0.63125, 0.55625, 0.1875, 0.00625, 0.30625, 0.3375, 0.2625, 0.19375, 0.18125, 0.225, 0.0875, 0.15625, 0.225, 0.3, 0.6125, 0.68125, 0.71875, 0.71875, 0.6625, 0.61875, 0.55, 0.475, 0.40625, 0.15625, 0.23125, 0.3, 0.3875, 0.36875, 0.1875, 0.1, 0.31875, 0.3875, 0.55, 0.7375, 0.7125, 0.66875, 0.5625, 0.39375, 0.3625, 0.03125, 0.08125, 0.125, 0.19375, 0.48125, 0.625, 0.75, 0.75625, 0.625, 0.55625, 0.55, 0.20625, 0.075, 0.0625, 0.0875, 0.05625, 0.13125, 0.19375, 0.4, 0.46875, 0.675, 0.70625, 0.54375, 0.475, 0.44375, 0.50625, 0.56875, 0.6, 0.54375, 0.475, 0.275, 0.31875, 0.33125, 0.2125, 0.1375, 0.05, 0.275, 0.45, 0.50625, 0.78125, 0.7375, 0.63125, 0.4875, 0.3375, 0.2625, 0.25, 0.2625, 0.25, 0.20625, 0.1375, 0.36875, 0.44375, 0.51875, 0.63125, 0.6625, 0.7625, 0.4875, 0.30625, 0.16875, 0.01875, 0.025, 0.0625, 0.225, 0.2125, 0.4, 0.5875, 0.5875, 0.5875, 0.4, 0.4, 0.6125, 0.4, 0.1875, 0.1875, 0.1875, 0.075, 0.1375, 0.325, 0.39375, 0.775, 0.68125, 0.540625, 0.55625, 0.7, 0.6, 0.45625, 0.2625, 0.19375, 0.11875, 0.26875, 0.4, 0.475, 0.5875, 0.53125, 0.4, 0.4, 0.2125, 0.26875, 0.4, 0.4, 0.4625, 0.65625, 0.725, 0.6875, 0.5625, 0.4, 0.2375, 0.1125, 0.09375, 0.14375, 0.23125, 0.35, 0.5, 0.2515625, 0.503125, 0.34375, 0.2, 0.34375, 0.4875, 0.69375, 0.7625, 0.6625, 0.7703125, 0.715625, 0.4, 0.3875, 0.35625, 0.3, 0.03125, 0.21875, 0.2875, 0.6125, 0.725, 0.7125, 0.65, 0.48125, 0.2171875, 0.2, 0.0875, 0.025, 0.0, 0.00625, 0.0375, 0.09375, 0.1625, 0.33125, 0.40625, 0.70625, 0.7125, 0.76875, 0.6875, 0.45625, 0.3875, 0.3875, 0.0375, 0.18125, 0.25625, 0.41875, 0.7125, 0.63125, 0.7625, 0.44375, 0.3125, 0.2, 0.1125, 0.075, 0.175, 0.31875, 0.58125, 0.69375, 0.53125, 0.53125, 0.78125, 0.79375, 0.60625, 0.53125, 0.25625, 0.5375, 0.3125, 0.25, 0.175, 0.1125, 0.13125, 0.16875, 0.2, 0.46875, 0.5625, 0.63125, 0.73125, 0.7625, 0.5375, 0.29375, 0.5625, 0.45, 0.4, 0.33125, 0.1125, 0.05625, 0.29375, 0.41875, 0.475, 0.55, 0.6875, 0.6, 0.8, 0.48125, 0.45625, 0.425, 0.375, 0.09375, 0.2375, 0.4, 0.54375, 0.70625, 0.5625, 0.4, 0.25625, 0.33125, 0.46875, 0.4],