{"name": "beautiful_piano_song", "onsets": [14.41, 26.7, 29.7, 31.26, 32.64, 43.34, 54.65, 60.13, 68.59, 77.15, 79.11, 83.14, 96.35, 122.19, 137.55, 178.55, 185.9, 208.38, 270.22], "xs": [0.0, 0.009890509890799131, 0.0, 0.7528432678701611, 0.0, 0.20552407106849377, 0.0, -1.0, 0.0, -0.49191916565897553, 0.0, -0.5805570104540354, 0.0, 0.3873330435937795, 0.0, -0.6486110740580833, 0.0, -0.049317937788934216, 0.0], "ys": [0.0, 0.5641772628683177, 0.0, -0.13279767312229562, 0.0, 0.3092932068541331, 0.0, -0.4314590090200589, 0.0, -0.32146509822745695, 0.0, 1.0, 0.0, -0.11246541311850797, 0.0, -0.2893145792178294, 0.0, -0.044819846847702065, 0.0]}